movieID,castName,castType,castRole,castUrl
QWxpZW4=,"
 Paul Tucker
 ","
","
            assistant production accountant (uncredited)
          ",/name/nm0875968/?ref_=ttfc_fc_cr
QWxpZW4=,"
 Paul Tucker
 ","
","
            assistant production accountant (uncredited)
          ",/name/nm0875968/?ref_=ttfc_fc_cr
QWxpZW4=,"
 Paul Tucker
 ","
","
            assistant production accountant (uncredited)
          ",/name/nm0875968/?ref_=ttfc_fc_cr
QWxpZW4=,"
 Paul Tucker
 ","
","
            assistant production accountant (uncredited)
          ",/name/nm0875968/?ref_=ttfc_fc_cr
QWxpZW4=,"
 Paul Tucker
 ","
","
            assistant production accountant (uncredited)
          ",/name/nm0875968/?ref_=ttfc_fc_cr
QWxpZW4=,"
 Paul Tucker
 ","
","
            assistant production accountant (uncredited)
          ",/name/nm0875968/?ref_=ttfc_fc_cr
QWxpZW4=,"
 Paul Tucker
 ","
","
            assistant production accountant (uncredited)
          ",/name/nm0875968/?ref_=ttfc_fc_cr
QWxpZW4=,"
 Paul Tucker
 ","
","
            assistant production accountant (uncredited)
          ",/name/nm0875968/?ref_=ttfc_fc_cr
